code,system
G24z000,readv2
G240000,readv2
G241000,readv2
403 AH,readv2
G24zz00,readv2
G241z00,readv2
G241.00,readv2
G24z.00,readv2
G24..00,readv2
G244.00,readv2
L121z00,readv2
L121400,readv2
G23..00,readv2
G231.00,readv2
G211000,readv2
G210z00,readv2
Gyu2100,readv2
G211.00,readv2
G23z.00,readv2
G210100,readv2
G210000,readv2
L121.00,readv2
G233.00,readv2
G22..00,readv2
G22z.11,readv2
G211100,readv2
G21zz00,readv2
G21z100,readv2
G221.00,readv2
G230.00,readv2
L121000,readv2
G21..00,readv2
G22z.00,readv2
G21z000,readv2
G232.00,readv2
G234.00,readv2
G222.00,readv2
G210.00,readv2
G211z00,readv2
G21z.00,readv2
G220.00,readv2
4003AA,readv2
403 NC,readv2
403 AA,readv2
402 C,readv2
402,readv2
403,readv2
L128200,readv2
F421300,readv2
G2...11,readv2
G2z..00,readv2
662G.00,readv2
G2...00,readv2
G21z011,readv2
F404200,readv2
G2y..00,readv2
401 BE,readv2
403 NH,readv2
401 BH,readv2
4310,readv2
401 BP,readv2
401 B,readv2
402 VH,readv2
403 NG,readv2
4300,readv2
791 HP,readv2
L122100,readv2
L121200,readv2
L120300,readv2
L120100,readv2
L121100,readv2
L121300,readv2
L122300,readv2
8HT5.00,readv2
9N1y200,readv2
9N03.00,readv2
8CR4.00,readv2
L0010AM,readv2
Y060 JA,readv2
Y0601JA,readv2
L0010EM,readv2
9OI1.00,readv2
662P.00,readv2
662..12,readv2
662O.00,readv2
662F.00,readv2
401 BM,readv2
8BL0.00,readv2
8B26.00,readv2
9OIA.11,readv2
9OIA.00,readv2
G20z.11,readv2
G20..11,readv2
6629.00,readv2
4419H,readv2
401 NC,readv2
3053HT,readv2
4360B,readv2
401 LB,readv2
4120BD,readv2
4380HP,readv2
401 AC,readv2
401 AT,readv2
401 AR,readv2
401 DC,readv2
G240z00,readv2
G240.00,readv2
4000,readv2
L122.00,readv2
L122z00,readv2
L120.00,readv2
L122000,readv2
L120000,readv2
L120400,readv2
L122400,readv2
L120z00,readv2
662b.00,readv2
6627.00,readv2
6628.00,readv2
G201.00,readv2
G200.00,readv2
G20z.00,readv2
G20..00,readv2
401 C,readv2
G202.00,readv2
401 S,readv2
662c.00,readv2
662d.00,readv2
212K.00,readv2
2126100,readv2
401 BR,readv2
G672.11,readv2
401 R,readv2
L128.00,readv2
G672.00,readv2
4360D,readv2
Gyu2000,readv2
4330,readv2
401 T,readv2
4120A,readv2
4120M,readv2
4370,readv2
4140,readv2
4100N,readv2
4100NA,readv2
402 MF,readv2
4340,readv2
4340CR,readv2
4130E,readv2
4130,readv2
403 NF,readv2
4120,readv2
401 BN,readv2
401,readv2
401 PA,readv2
401 P,readv2
4100T,readv2
4120CA,readv2
4380,readv2
4360A,readv2
4003,readv2
403 M,readv2
401 E,readv2
401 EL,readv2